,question,imageId,GithubLink
0,Is the blanket to the right of a pillow?,n15740,https://raw.githubusercontent.com/ST0927/Experiment/main/Images/n15740.jpg
1,Is the lamp post behind the people the train is to the right of?,n278826,https://raw.githubusercontent.com/ST0927/Experiment/main/Images/n278826.jpg
2,Is the dirty ground made of plastic?,n476594,https://raw.githubusercontent.com/ST0927/Experiment/main/Images/n476594.jpg
3,Is the rose red?,n283781,https://raw.githubusercontent.com/ST0927/Experiment/main/Images/n283781.jpg
4,Are there any players in the scene?,n357179,https://raw.githubusercontent.com/ST0927/Experiment/main/Images/n357179.jpg
5,Are there any players or fences?,n357179,https://raw.githubusercontent.com/ST0927/Experiment/main/Images/n357179.jpg
6,Is there any helmet that is white?,n357179,https://raw.githubusercontent.com/ST0927/Experiment/main/Images/n357179.jpg
7,Is there any helmet that is not blue?,n357179,https://raw.githubusercontent.com/ST0927/Experiment/main/Images/n357179.jpg
8,Is the white curtain to the right of the black television?,n423979,https://raw.githubusercontent.com/ST0927/Experiment/main/Images/n423979.jpg
9,Are there lamps to the right of the device that looks black?,n423979,https://raw.githubusercontent.com/ST0927/Experiment/main/Images/n423979.jpg
10,Are there any curtains to the left of the device the video game is displayed on?,n536689,https://raw.githubusercontent.com/ST0927/Experiment/main/Images/n536689.jpg
11,Is the helmet to the left of the other helmet white and hard?,n357179,https://raw.githubusercontent.com/ST0927/Experiment/main/Images/n357179.jpg
12,Are there curtains to the left of the television?,n423979,https://raw.githubusercontent.com/ST0927/Experiment/main/Images/n423979.jpg
13,Are there curtains to the right of the black device?,n423979,https://raw.githubusercontent.com/ST0927/Experiment/main/Images/n423979.jpg
14,Are there lamps to the right of the television that is sitting on top of the TV stand?,n423979,https://raw.githubusercontent.com/ST0927/Experiment/main/Images/n423979.jpg
15,Are there any curtains to the left of the device that looks black?,n423979,https://raw.githubusercontent.com/ST0927/Experiment/main/Images/n423979.jpg
18,Are there curtains to the right of the television?,n423979,https://raw.githubusercontent.com/ST0927/Experiment/main/Images/n423979.jpg
20,Are the green trees behind the fence leafy and tall?,n466336,https://raw.githubusercontent.com/ST0927/Experiment/main/Images/n466336.jpg
21,Are the trees behind the fence leafy and tall?,n466336,https://raw.githubusercontent.com/ST0927/Experiment/main/Images/n466336.jpg
23,Is the bench smooth and gray?,n347432,https://raw.githubusercontent.com/ST0927/Experiment/main/Images/n347432.jpg
24,Is the comfortable bench soft and smooth?,n347432,https://raw.githubusercontent.com/ST0927/Experiment/main/Images/n347432.jpg
25,Is the bench both soft and comfortable?,n347432,https://raw.githubusercontent.com/ST0927/Experiment/main/Images/n347432.jpg
26,Is the bench soft and gray?,n347432,https://raw.githubusercontent.com/ST0927/Experiment/main/Images/n347432.jpg
27,Does the comfortable bench appear to be yellow and soft?,n347432,https://raw.githubusercontent.com/ST0927/Experiment/main/Images/n347432.jpg
28,Does the bench seem to be soft?,n347432,https://raw.githubusercontent.com/ST0927/Experiment/main/Images/n347432.jpg
29,Does that bench appear to be soft?,n347432,https://raw.githubusercontent.com/ST0927/Experiment/main/Images/n347432.jpg
30,Is the bench in front of the balcony both soft and uncomfortable?,n347432,https://raw.githubusercontent.com/ST0927/Experiment/main/Images/n347432.jpg
31,Is the bench soft?,n347432,https://raw.githubusercontent.com/ST0927/Experiment/main/Images/n347432.jpg
32,Is the clean field green and huge?,n572838,https://raw.githubusercontent.com/ST0927/Experiment/main/Images/n572838.jpg
33,Does the field look small and green?,n572838,https://raw.githubusercontent.com/ST0927/Experiment/main/Images/n572838.jpg
34,Is the field that looks huge green and clean?,n572838,https://raw.githubusercontent.com/ST0927/Experiment/main/Images/n572838.jpg
35,Is the field green and dirty?,n572838,https://raw.githubusercontent.com/ST0927/Experiment/main/Images/n572838.jpg
36,Does the field have small size?,n572838,https://raw.githubusercontent.com/ST0927/Experiment/main/Images/n572838.jpg
37,Does the field look small?,n572838,https://raw.githubusercontent.com/ST0927/Experiment/main/Images/n572838.jpg
38,Are there small fields or beaches?,n572838,https://raw.githubusercontent.com/ST0927/Experiment/main/Images/n572838.jpg
40,Is the field green?,n572838,https://raw.githubusercontent.com/ST0927/Experiment/main/Images/n572838.jpg
41,Does the field look green?,n572838,https://raw.githubusercontent.com/ST0927/Experiment/main/Images/n572838.jpg
42,Are the oranges large and orange?,n475976,https://raw.githubusercontent.com/ST0927/Experiment/main/Images/n475976.jpg
43,Does the ground below the tennis ball look dirty?,n476594,https://raw.githubusercontent.com/ST0927/Experiment/main/Images/n476594.jpg
44,Does the sauce near the bowl look brown and thin?,n272682,https://raw.githubusercontent.com/ST0927/Experiment/main/Images/n272682.jpg
45,Does the ground below the tennis ball look clean?,n476594,https://raw.githubusercontent.com/ST0927/Experiment/main/Images/n476594.jpg
46,Are there curtains to the right of the television that is not big?,n536689,https://raw.githubusercontent.com/ST0927/Experiment/main/Images/n536689.jpg
47,Was asphalt used to make the ground?,n476594,https://raw.githubusercontent.com/ST0927/Experiment/main/Images/n476594.jpg
48,Is there either any train or clock in this picture?,n214414,https://raw.githubusercontent.com/ST0927/Experiment/main/Images/n214414.jpg
50,Does the tennis ball seem to be yellow?,n521291,https://raw.githubusercontent.com/ST0927/Experiment/main/Images/n521291.jpg
51,Does the jacket have yellow color?,n248708,https://raw.githubusercontent.com/ST0927/Experiment/main/Images/n248708.jpg
53,Are these happy children?,n359246,https://raw.githubusercontent.com/ST0927/Experiment/main/Images/n359246.jpg
54,Is the curtain on the left side?,n11915,https://raw.githubusercontent.com/ST0927/Experiment/main/Images/n11915.jpg
55,Are there curtains to the right of the device the video game is displayed on?,n536689,https://raw.githubusercontent.com/ST0927/Experiment/main/Images/n536689.jpg
61,Is there a bag to the right of the person that the hat is on top of?,n187825,https://raw.githubusercontent.com/ST0927/Experiment/main/Images/n187825.jpg
62,Are there any bags to the right of the person the hat is on top of?,n187825,https://raw.githubusercontent.com/ST0927/Experiment/main/Images/n187825.jpg
63,Do you see a cow to the left of the person that is to the right of the bus?,n187825,https://raw.githubusercontent.com/ST0927/Experiment/main/Images/n187825.jpg
64,Do you see any cows to the left of the person that is to the right of the bus?,n187825,https://raw.githubusercontent.com/ST0927/Experiment/main/Images/n187825.jpg
65,Is there a cow to the left of the person that is to the right of the bus?,n187825,https://raw.githubusercontent.com/ST0927/Experiment/main/Images/n187825.jpg
66,Are there any cows to the left of the person that is to the right of the bus?,n187825,https://raw.githubusercontent.com/ST0927/Experiment/main/Images/n187825.jpg
68,Are there cows to the right of the male person?,n187825,https://raw.githubusercontent.com/ST0927/Experiment/main/Images/n187825.jpg
71,Are there either tables or mirrors that are made of metal?,n61917,https://raw.githubusercontent.com/ST0927/Experiment/main/Images/n61917.jpg
72,Was marble used to make the rectangular table?,n61917,https://raw.githubusercontent.com/ST0927/Experiment/main/Images/n61917.jpg
73,Do you see a wet wetsuit in the image?,n317735,https://raw.githubusercontent.com/ST0927/Experiment/main/Images/n317735.jpg
74,Are there wet wetsuits in the picture?,n317735,https://raw.githubusercontent.com/ST0927/Experiment/main/Images/n317735.jpg
75,Are the table and the TV stand both rectangular?,n61917,https://raw.githubusercontent.com/ST0927/Experiment/main/Images/n61917.jpg
76,Does the helmet to the left of the other helmet look white and hard?,n357179,https://raw.githubusercontent.com/ST0927/Experiment/main/Images/n357179.jpg
77,Are there any mirrors or tables that are not rectangular?,n61917,https://raw.githubusercontent.com/ST0927/Experiment/main/Images/n61917.jpg
78,Do the table and the TV stand both look rectangular?,n61917,https://raw.githubusercontent.com/ST0927/Experiment/main/Images/n61917.jpg
79,Are there any wetsuits that are comfortable?,n317735,https://raw.githubusercontent.com/ST0927/Experiment/main/Images/n317735.jpg
80,Is there a wetsuit in this picture that is comfortable?,n317735,https://raw.githubusercontent.com/ST0927/Experiment/main/Images/n317735.jpg
81,Are there any comfortable wetsuits?,n317735,https://raw.githubusercontent.com/ST0927/Experiment/main/Images/n317735.jpg
82,Is there a wetsuit in this scene that is not blue?,n317735,https://raw.githubusercontent.com/ST0927/Experiment/main/Images/n317735.jpg
83,Is there a wetsuit that is not uncomfortable?,n317735,https://raw.githubusercontent.com/ST0927/Experiment/main/Images/n317735.jpg
84,Are there any wetsuits in the photograph that are not uncomfortable?,n317735,https://raw.githubusercontent.com/ST0927/Experiment/main/Images/n317735.jpg
85,Do you see curtains to the right of the device that the video game is displayed on?,n536689,https://raw.githubusercontent.com/ST0927/Experiment/main/Images/n536689.jpg
86,Do you see a wetsuit in this picture that is comfortable?,n317735,https://raw.githubusercontent.com/ST0927/Experiment/main/Images/n317735.jpg
91,Do you see women there that are walking?,n314723,https://raw.githubusercontent.com/ST0927/Experiment/main/Images/n314723.jpg
92,Does the animal that is looking up look large?,n11399,https://raw.githubusercontent.com/ST0927/Experiment/main/Images/n11399.jpg
93,Do you see any large cat or dog?,n11399,https://raw.githubusercontent.com/ST0927/Experiment/main/Images/n11399.jpg
94,Does the dog look large?,n11399,https://raw.githubusercontent.com/ST0927/Experiment/main/Images/n11399.jpg
95,Does the dog have large size?,n11399,https://raw.githubusercontent.com/ST0927/Experiment/main/Images/n11399.jpg
100,Is the ski short?,n26384,https://raw.githubusercontent.com/ST0927/Experiment/main/Images/n26384.jpg
101,Does the ski have short length?,n26384,https://raw.githubusercontent.com/ST0927/Experiment/main/Images/n26384.jpg
102,Do the sink and the bath tub have a different colors?,n286211,https://raw.githubusercontent.com/ST0927/Experiment/main/Images/n286211.jpg
103,Are the toilet and the sink the same color?,n286211,https://raw.githubusercontent.com/ST0927/Experiment/main/Images/n286211.jpg
104,Do you see any large dogs?,n11399,https://raw.githubusercontent.com/ST0927/Experiment/main/Images/n11399.jpg
105,Do you see a dog that is large?,n11399,https://raw.githubusercontent.com/ST0927/Experiment/main/Images/n11399.jpg
106,Are there donuts to the right of the freezer on the left?,n537723,https://raw.githubusercontent.com/ST0927/Experiment/main/Images/n537723.jpg
107,Is there a donut to the right of the appliance on the left side of the picture?,n537723,https://raw.githubusercontent.com/ST0927/Experiment/main/Images/n537723.jpg
108,Is this an angry man?,n384288,https://raw.githubusercontent.com/ST0927/Experiment/main/Images/n384288.jpg
109,Do you see goggles that are not made of plastic?,n501208,https://raw.githubusercontent.com/ST0927/Experiment/main/Images/n501208.jpg
110,What are the goggles made of?,n501208,https://raw.githubusercontent.com/ST0927/Experiment/main/Images/n501208.jpg
111,Do you see snowboarders?,n501208,https://raw.githubusercontent.com/ST0927/Experiment/main/Images/n501208.jpg
112,Do you see a snowboarder?,n501208,https://raw.githubusercontent.com/ST0927/Experiment/main/Images/n501208.jpg
113,Are the goggles made of plastic?,n501208,https://raw.githubusercontent.com/ST0927/Experiment/main/Images/n501208.jpg
114,Are there any helmets or skis in the image?,n501208,https://raw.githubusercontent.com/ST0927/Experiment/main/Images/n501208.jpg
115,What is the material of the goggles?,n501208,https://raw.githubusercontent.com/ST0927/Experiment/main/Images/n501208.jpg
116,Are there boys to the right of the woman that is to the left of the men?,n398816,https://raw.githubusercontent.com/ST0927/Experiment/main/Images/n398816.jpg
117,Who is wearing shorts?,n288604,https://raw.githubusercontent.com/ST0927/Experiment/main/Images/n288604.jpg
118,Are there any couches to the left of the old device?,n536689,https://raw.githubusercontent.com/ST0927/Experiment/main/Images/n536689.jpg
119,Is there a window in the scene that is square?,n263560,https://raw.githubusercontent.com/ST0927/Experiment/main/Images/n263560.jpg
120,Are there snowboarders or skiers that are posing?,n501208,https://raw.githubusercontent.com/ST0927/Experiment/main/Images/n501208.jpg
121,Are there either any men or snowboarders in this photograph?,n501208,https://raw.githubusercontent.com/ST0927/Experiment/main/Images/n501208.jpg
122,Do you see any square window?,n263560,https://raw.githubusercontent.com/ST0927/Experiment/main/Images/n263560.jpg
123,Do you see any boys to the left of the woman the performer is watching?,n398816,https://raw.githubusercontent.com/ST0927/Experiment/main/Images/n398816.jpg
124,Do you think the jacket is black?,n248708,https://raw.githubusercontent.com/ST0927/Experiment/main/Images/n248708.jpg
125,Are there any cars?,n167285,https://raw.githubusercontent.com/ST0927/Experiment/main/Images/n167285.jpg
126,Is the boy to the left or to the right of the woman the men are to the right of?,n398816,https://raw.githubusercontent.com/ST0927/Experiment/main/Images/n398816.jpg
127,Are there either umbrellas or cars in the picture?,n167285,https://raw.githubusercontent.com/ST0927/Experiment/main/Images/n167285.jpg
128,Is the boy to the right of the woman on the right?,n398816,https://raw.githubusercontent.com/ST0927/Experiment/main/Images/n398816.jpg
129,"Which type of food is not colorful, the fruit or the apple?",n518035,https://raw.githubusercontent.com/ST0927/Experiment/main/Images/n518035.jpg
130,What type of food is not colorful?,n518035,https://raw.githubusercontent.com/ST0927/Experiment/main/Images/n518035.jpg
131,"Which type of food is colorful, the fruit or the apple?",n518035,https://raw.githubusercontent.com/ST0927/Experiment/main/Images/n518035.jpg
132,"Which kind of food is not colorful, the apple or the fruit?",n518035,https://raw.githubusercontent.com/ST0927/Experiment/main/Images/n518035.jpg
133,Which food is assorted?,n518035,https://raw.githubusercontent.com/ST0927/Experiment/main/Images/n518035.jpg
134,What is the name of the food that is assorted?,n518035,https://raw.githubusercontent.com/ST0927/Experiment/main/Images/n518035.jpg
135,Which kind of food is not colorful?,n518035,https://raw.githubusercontent.com/ST0927/Experiment/main/Images/n518035.jpg
136,What is the assorted food in the picture called?,n518035,https://raw.githubusercontent.com/ST0927/Experiment/main/Images/n518035.jpg
137,What is the size of the man that is using a laptop?,n542270,https://raw.githubusercontent.com/ST0927/Experiment/main/Images/n542270.jpg
138,Does the bag that is to the right of the phone appear to be large and white?,n167285,https://raw.githubusercontent.com/ST0927/Experiment/main/Images/n167285.jpg
139,What is the food that is assorted?,n518035,https://raw.githubusercontent.com/ST0927/Experiment/main/Images/n518035.jpg
140,What is the food that is assorted called?,n518035,https://raw.githubusercontent.com/ST0927/Experiment/main/Images/n518035.jpg
141,Is the man small?,n542270,https://raw.githubusercontent.com/ST0927/Experiment/main/Images/n542270.jpg
142,How large is he?,n542270,https://raw.githubusercontent.com/ST0927/Experiment/main/Images/n542270.jpg
143,How big is he?,n542270,https://raw.githubusercontent.com/ST0927/Experiment/main/Images/n542270.jpg
144,What size is the person to the right of the painting?,n542270,https://raw.githubusercontent.com/ST0927/Experiment/main/Images/n542270.jpg
145,How tall are the trees behind the fence?,n466336,https://raw.githubusercontent.com/ST0927/Experiment/main/Images/n466336.jpg
146,Does the jacket appear to be black?,n248708,https://raw.githubusercontent.com/ST0927/Experiment/main/Images/n248708.jpg
147,Does the white object to the left of the other bag appear to be large and square?,n167285,https://raw.githubusercontent.com/ST0927/Experiment/main/Images/n167285.jpg
148,How tall do you think are the green trees?,n466336,https://raw.githubusercontent.com/ST0927/Experiment/main/Images/n466336.jpg
149,Do you see any square clocks or windows?,n263560,https://raw.githubusercontent.com/ST0927/Experiment/main/Images/n263560.jpg
150,Are there umpires in the picture?,n398816,https://raw.githubusercontent.com/ST0927/Experiment/main/Images/n398816.jpg
151,Does the beer bottle look brown?,n103518,https://raw.githubusercontent.com/ST0927/Experiment/main/Images/n103518.jpg
152,Do you think the man is riding?,n138240,https://raw.githubusercontent.com/ST0927/Experiment/main/Images/n138240.jpg
153,Which color is the beer bottle that is made of glass?,n103518,https://raw.githubusercontent.com/ST0927/Experiment/main/Images/n103518.jpg
154,Is the beer bottle brown?,n103518,https://raw.githubusercontent.com/ST0927/Experiment/main/Images/n103518.jpg
155,Is the beer bottle white or brown?,n103518,https://raw.githubusercontent.com/ST0927/Experiment/main/Images/n103518.jpg
156,Do you think the beer bottle is white or brown?,n103518,https://raw.githubusercontent.com/ST0927/Experiment/main/Images/n103518.jpg
157,Are there doors or windows that are open?,n76613,https://raw.githubusercontent.com/ST0927/Experiment/main/Images/n76613.jpg
158,Do the leafy trees behind the fence appear to be short?,n466336,https://raw.githubusercontent.com/ST0927/Experiment/main/Images/n466336.jpg
159,Does the man that is to the left of the woman seem to be still?,n512539,https://raw.githubusercontent.com/ST0927/Experiment/main/Images/n512539.jpg
160,Are the trees short or tall?,n466336,https://raw.githubusercontent.com/ST0927/Experiment/main/Images/n466336.jpg
161,Is the color of the buildings yellow?,n386113,https://raw.githubusercontent.com/ST0927/Experiment/main/Images/n386113.jpg
162,Do the buildings look yellow?,n386113,https://raw.githubusercontent.com/ST0927/Experiment/main/Images/n386113.jpg
163,Do you see a mirror?,n443939,https://raw.githubusercontent.com/ST0927/Experiment/main/Images/n443939.jpg
164,Are there any mirrors in the photo?,n443939,https://raw.githubusercontent.com/ST0927/Experiment/main/Images/n443939.jpg
165,Do the trees behind the fence seem to be tall or short?,n466336,https://raw.githubusercontent.com/ST0927/Experiment/main/Images/n466336.jpg
166,Does the snowboard look light and wooden?,n331157,https://raw.githubusercontent.com/ST0927/Experiment/main/Images/n331157.jpg
167,Do the tall buildings behind the tree look small and yellow?,n386113,https://raw.githubusercontent.com/ST0927/Experiment/main/Images/n386113.jpg
168,Do the buildings that are not short look small and yellow?,n386113,https://raw.githubusercontent.com/ST0927/Experiment/main/Images/n386113.jpg
169,Are the buildings both yellow and tall?,n386113,https://raw.githubusercontent.com/ST0927/Experiment/main/Images/n386113.jpg
170,Do the buildings that are not little look yellow and tall?,n386113,https://raw.githubusercontent.com/ST0927/Experiment/main/Images/n386113.jpg
171,Are the buildings behind the tree yellow and short?,n386113,https://raw.githubusercontent.com/ST0927/Experiment/main/Images/n386113.jpg
172,Do the big buildings behind the tree look short and yellow?,n386113,https://raw.githubusercontent.com/ST0927/Experiment/main/Images/n386113.jpg
173,Do the big buildings behind the tree look yellow and short?,n386113,https://raw.githubusercontent.com/ST0927/Experiment/main/Images/n386113.jpg
174,Is that glass on a tablecloth?,n443939,https://raw.githubusercontent.com/ST0927/Experiment/main/Images/n443939.jpg
175,What is the dessert on the fork the boy holds?,n463045,https://raw.githubusercontent.com/ST0927/Experiment/main/Images/n463045.jpg
176,Are the person that is to the left of the dog and the person that looks tall both still?,n512539,https://raw.githubusercontent.com/ST0927/Experiment/main/Images/n512539.jpg
177,Is there either a plastic cup or laptop in this photo?,n18463,https://raw.githubusercontent.com/ST0927/Experiment/main/Images/n18463.jpg
178,Are there either motorcycles or pillows in the image?,n310937,https://raw.githubusercontent.com/ST0927/Experiment/main/Images/n310937.jpg
179,Do the man to the left of the dog and the person that looks tall both seem to be still?,n512539,https://raw.githubusercontent.com/ST0927/Experiment/main/Images/n512539.jpg
180,What color is that cabinet?,n348714,https://raw.githubusercontent.com/ST0927/Experiment/main/Images/n348714.jpg
181,Is that cabinet beige?,n348714,https://raw.githubusercontent.com/ST0927/Experiment/main/Images/n348714.jpg
182,Does the cabinet next to the TV stand look beige?,n348714,https://raw.githubusercontent.com/ST0927/Experiment/main/Images/n348714.jpg
183,Does the cabinet next to the TV stand have beige color?,n348714,https://raw.githubusercontent.com/ST0927/Experiment/main/Images/n348714.jpg
184,Is there either a table or a cabinet that is not dark?,n348714,https://raw.githubusercontent.com/ST0927/Experiment/main/Images/n348714.jpg
185,Is the color of the cabinet dark?,n348714,https://raw.githubusercontent.com/ST0927/Experiment/main/Images/n348714.jpg
186,Does the cabinet look dark?,n348714,https://raw.githubusercontent.com/ST0927/Experiment/main/Images/n348714.jpg
187,Does the cabinet have dark color?,n348714,https://raw.githubusercontent.com/ST0927/Experiment/main/Images/n348714.jpg
188,Is the snowboard dark?,n331157,https://raw.githubusercontent.com/ST0927/Experiment/main/Images/n331157.jpg
189,Is there either a white bed or cabinet?,n348714,https://raw.githubusercontent.com/ST0927/Experiment/main/Images/n348714.jpg
190,Do you see any pink cabinets?,n348714,https://raw.githubusercontent.com/ST0927/Experiment/main/Images/n348714.jpg
191,Is the plastic device to the right of the glasses that are to the right of the bottle?,n164438,https://raw.githubusercontent.com/ST0927/Experiment/main/Images/n164438.jpg
192,Do you see any pillows to the right of the device that is not turned-off?,n190913,https://raw.githubusercontent.com/ST0927/Experiment/main/Images/n190913.jpg
193,Does the chair look old fashioned?,n113137,https://raw.githubusercontent.com/ST0927/Experiment/main/Images/n113137.jpg
194,Is the door clear?,n68415,https://raw.githubusercontent.com/ST0927/Experiment/main/Images/n68415.jpg
195,Does that chair look old fashioned?,n113137,https://raw.githubusercontent.com/ST0927/Experiment/main/Images/n113137.jpg
196,Is the chair behind the dog old fashioned and leather?,n113137,https://raw.githubusercontent.com/ST0927/Experiment/main/Images/n113137.jpg
197,Is that jacket thin or thick?,n248708,https://raw.githubusercontent.com/ST0927/Experiment/main/Images/n248708.jpg
198,Are there any baseball bats or bats that are not made of metal?,n15845,https://raw.githubusercontent.com/ST0927/Experiment/main/Images/n15845.jpg
199,Are there tables in the picture that are wooden?,n474261,https://raw.githubusercontent.com/ST0927/Experiment/main/Images/n474261.jpg
200,Is the chair that is to the right of the freezer old fashioned and wooden?,n113137,https://raw.githubusercontent.com/ST0927/Experiment/main/Images/n113137.jpg
201,Is there a chair that is modern?,n113137,https://raw.githubusercontent.com/ST0927/Experiment/main/Images/n113137.jpg
202,Are there buses in front of the tall trees?,n195854,https://raw.githubusercontent.com/ST0927/Experiment/main/Images/n195854.jpg
203,Are there any girls to the right of the white thing that is lying on top of the carpet?,n272708,https://raw.githubusercontent.com/ST0927/Experiment/main/Images/n272708.jpg
204,Is there either any modern table or chair?,n113137,https://raw.githubusercontent.com/ST0927/Experiment/main/Images/n113137.jpg
205,Do you see an elephant above the baby?,n406072,https://raw.githubusercontent.com/ST0927/Experiment/main/Images/n406072.jpg
206,Is the soft bear above a baby?,n406072,https://raw.githubusercontent.com/ST0927/Experiment/main/Images/n406072.jpg
207,Is the fuzzy animal above a baby?,n406072,https://raw.githubusercontent.com/ST0927/Experiment/main/Images/n406072.jpg
208,What animal is on the blanket?,n406072,https://raw.githubusercontent.com/ST0927/Experiment/main/Images/n406072.jpg
209,What is the name of the animal that is on the blanket?,n406072,https://raw.githubusercontent.com/ST0927/Experiment/main/Images/n406072.jpg
210,What is the bear on?,n406072,https://raw.githubusercontent.com/ST0927/Experiment/main/Images/n406072.jpg
211,What's the bear on?,n406072,https://raw.githubusercontent.com/ST0927/Experiment/main/Images/n406072.jpg
212,Are there bears on the blanket?,n406072,https://raw.githubusercontent.com/ST0927/Experiment/main/Images/n406072.jpg
213,Is the jacket black and thick?,n248708,https://raw.githubusercontent.com/ST0927/Experiment/main/Images/n248708.jpg
214,Are there any tables in the image that are wood?,n474261,https://raw.githubusercontent.com/ST0927/Experiment/main/Images/n474261.jpg
215,Is the girl that is not old wearing a hair band?,n292044,https://raw.githubusercontent.com/ST0927/Experiment/main/Images/n292044.jpg
216,Is the soccer ball to the right of the soccer player still and round?,n116276,https://raw.githubusercontent.com/ST0927/Experiment/main/Images/n116276.jpg
217,Is the soccer ball still and soft?,n116276,https://raw.githubusercontent.com/ST0927/Experiment/main/Images/n116276.jpg
218,Does the soccer ball look still?,n116276,https://raw.githubusercontent.com/ST0927/Experiment/main/Images/n116276.jpg
219,Is the soccer ball still?,n116276,https://raw.githubusercontent.com/ST0927/Experiment/main/Images/n116276.jpg
220,Does the shirt look clean?,n319327,https://raw.githubusercontent.com/ST0927/Experiment/main/Images/n319327.jpg
221,Is the girl wearing a helmet?,n292044,https://raw.githubusercontent.com/ST0927/Experiment/main/Images/n292044.jpg
222,Does the shirt look yellow and clean?,n319327,https://raw.githubusercontent.com/ST0927/Experiment/main/Images/n319327.jpg
223,Is the shirt clean and gray?,n319327,https://raw.githubusercontent.com/ST0927/Experiment/main/Images/n319327.jpg
224,Is the clean shirt gray or orange?,n319327,https://raw.githubusercontent.com/ST0927/Experiment/main/Images/n319327.jpg
225,"What color is the clean shirt, gray or orange?",n319327,https://raw.githubusercontent.com/ST0927/Experiment/main/Images/n319327.jpg
226,Does the shirt look orange?,n319327,https://raw.githubusercontent.com/ST0927/Experiment/main/Images/n319327.jpg
227,Who is wearing a hair band?,n292044,https://raw.githubusercontent.com/ST0927/Experiment/main/Images/n292044.jpg
228,The shirt the man is wearing has which color?,n319327,https://raw.githubusercontent.com/ST0927/Experiment/main/Images/n319327.jpg
229,Does the shirt have gray color?,n319327,https://raw.githubusercontent.com/ST0927/Experiment/main/Images/n319327.jpg
230,What is the name of the white item of furniture?,n205271,https://raw.githubusercontent.com/ST0927/Experiment/main/Images/n205271.jpg
231,"Which type of furniture is this, a coffee table or a bed?",n205271,https://raw.githubusercontent.com/ST0927/Experiment/main/Images/n205271.jpg
232,"What type of furniture is this, a bed or a coffee table?",n205271,https://raw.githubusercontent.com/ST0927/Experiment/main/Images/n205271.jpg
233,What is this piece of furniture called?,n205271,https://raw.githubusercontent.com/ST0927/Experiment/main/Images/n205271.jpg
234,What kind is this item of furniture?,n205271,https://raw.githubusercontent.com/ST0927/Experiment/main/Images/n205271.jpg
235,Which kind of furniture is it?,n205271,https://raw.githubusercontent.com/ST0927/Experiment/main/Images/n205271.jpg
236,What type of furniture is this?,n205271,https://raw.githubusercontent.com/ST0927/Experiment/main/Images/n205271.jpg
237,Is the skirt long and colorful?,n292044,https://raw.githubusercontent.com/ST0927/Experiment/main/Images/n292044.jpg
238,Does the jacket appear to be black and thin?,n248708,https://raw.githubusercontent.com/ST0927/Experiment/main/Images/n248708.jpg
239,What piece of furniture is white?,n205271,https://raw.githubusercontent.com/ST0927/Experiment/main/Images/n205271.jpg
240,Is this a bed or a table?,n205271,https://raw.githubusercontent.com/ST0927/Experiment/main/Images/n205271.jpg
241,Who holds the animal in front of the couch?,n397400,https://raw.githubusercontent.com/ST0927/Experiment/main/Images/n397400.jpg
242,Who holds the dog?,n397400,https://raw.githubusercontent.com/ST0927/Experiment/main/Images/n397400.jpg
243,Is that a blond woman?,n397400,https://raw.githubusercontent.com/ST0927/Experiment/main/Images/n397400.jpg
244,Is the person in front of the couch blond or brunette?,n397400,https://raw.githubusercontent.com/ST0927/Experiment/main/Images/n397400.jpg
245,Is that a brunette woman?,n397400,https://raw.githubusercontent.com/ST0927/Experiment/main/Images/n397400.jpg
246,Are there women that are not brunette?,n397400,https://raw.githubusercontent.com/ST0927/Experiment/main/Images/n397400.jpg
247,Do you think the woman to the left of the pillow is brunette or blond?,n397400,https://raw.githubusercontent.com/ST0927/Experiment/main/Images/n397400.jpg
248,Is that fork to the left of a cup?,n554035,https://raw.githubusercontent.com/ST0927/Experiment/main/Images/n554035.jpg
249,Are there balls or fences?,n292044,https://raw.githubusercontent.com/ST0927/Experiment/main/Images/n292044.jpg
250,Do the blind and the light fixture have the same color?,n325735,https://raw.githubusercontent.com/ST0927/Experiment/main/Images/n325735.jpg
251,Are there bowls or containers in the photo?,n334817,https://raw.githubusercontent.com/ST0927/Experiment/main/Images/n334817.jpg
252,What animal do you think does she hold?,n397400,https://raw.githubusercontent.com/ST0927/Experiment/main/Images/n397400.jpg
253,What animal does she hold?,n397400,https://raw.githubusercontent.com/ST0927/Experiment/main/Images/n397400.jpg
254,Is there a table in this image that is not tan?,n124121,https://raw.githubusercontent.com/ST0927/Experiment/main/Images/n124121.jpg
255,Do you see a table that is not tan?,n124121,https://raw.githubusercontent.com/ST0927/Experiment/main/Images/n124121.jpg
256,Are there any tables in this picture that are not tan?,n124121,https://raw.githubusercontent.com/ST0927/Experiment/main/Images/n124121.jpg
257,Do you see any large tables in the photo?,n124121,https://raw.githubusercontent.com/ST0927/Experiment/main/Images/n124121.jpg
258,Do you see large tables?,n124121,https://raw.githubusercontent.com/ST0927/Experiment/main/Images/n124121.jpg
259,Is there a table in the photo that is large?,n124121,https://raw.githubusercontent.com/ST0927/Experiment/main/Images/n124121.jpg
260,Are there tables that are not small?,n124121,https://raw.githubusercontent.com/ST0927/Experiment/main/Images/n124121.jpg
261,Is there a table that is not small?,n124121,https://raw.githubusercontent.com/ST0927/Experiment/main/Images/n124121.jpg
262,Do you see a plate?,n124121,https://raw.githubusercontent.com/ST0927/Experiment/main/Images/n124121.jpg
263,Are there any plates?,n124121,https://raw.githubusercontent.com/ST0927/Experiment/main/Images/n124121.jpg
264,Is the laptop black?,n190384,https://raw.githubusercontent.com/ST0927/Experiment/main/Images/n190384.jpg
265,Does the telephone look old fashioned?,n444317,https://raw.githubusercontent.com/ST0927/Experiment/main/Images/n444317.jpg
266,Does the young skier to the right of the other skier seem to be bending?,n38061,https://raw.githubusercontent.com/ST0927/Experiment/main/Images/n38061.jpg
267,Is the countertop small or large?,n228751,https://raw.githubusercontent.com/ST0927/Experiment/main/Images/n228751.jpg
268,Does the device that looks black look modern?,n444317,https://raw.githubusercontent.com/ST0927/Experiment/main/Images/n444317.jpg
269,Do you see either any blue mugs or cans there?,n548256,https://raw.githubusercontent.com/ST0927/Experiment/main/Images/n548256.jpg
270,What do you think is the animal to the right of the people that look young?,n141371,https://raw.githubusercontent.com/ST0927/Experiment/main/Images/n141371.jpg
271,Is the mirror large?,n293396,https://raw.githubusercontent.com/ST0927/Experiment/main/Images/n293396.jpg
272,Is there a table that is not made of granite?,n474261,https://raw.githubusercontent.com/ST0927/Experiment/main/Images/n474261.jpg
273,Does the rug on the floor look gold?,n406179,https://raw.githubusercontent.com/ST0927/Experiment/main/Images/n406179.jpg
274,Is he wearing a sweater?,n320500,https://raw.githubusercontent.com/ST0927/Experiment/main/Images/n320500.jpg
275,Is the man that is playing wearing a tie?,n320500,https://raw.githubusercontent.com/ST0927/Experiment/main/Images/n320500.jpg
276,Who is wearing the sweater?,n320500,https://raw.githubusercontent.com/ST0927/Experiment/main/Images/n320500.jpg
277,Is the chair silver?,n192226,https://raw.githubusercontent.com/ST0927/Experiment/main/Images/n192226.jpg
278,Is the person that is staring wearing glasses?,n320500,https://raw.githubusercontent.com/ST0927/Experiment/main/Images/n320500.jpg
279,Who is wearing a sweater?,n320500,https://raw.githubusercontent.com/ST0927/Experiment/main/Images/n320500.jpg
280,Is the person that is standing wearing jeans?,n320500,https://raw.githubusercontent.com/ST0927/Experiment/main/Images/n320500.jpg
281,Is the man wearing glasses?,n320500,https://raw.githubusercontent.com/ST0927/Experiment/main/Images/n320500.jpg
282,Does the door look clear?,n68415,https://raw.githubusercontent.com/ST0927/Experiment/main/Images/n68415.jpg
283,Is the grass that is not thick real and tall?,n317735,https://raw.githubusercontent.com/ST0927/Experiment/main/Images/n317735.jpg
284,Does the chair look silver?,n192226,https://raw.githubusercontent.com/ST0927/Experiment/main/Images/n192226.jpg
285,Do you see a black desk or chair?,n192226,https://raw.githubusercontent.com/ST0927/Experiment/main/Images/n192226.jpg
286,Is the person that is staring wearing a tie?,n320500,https://raw.githubusercontent.com/ST0927/Experiment/main/Images/n320500.jpg
287,Is there a frisbee in this photo?,n320500,https://raw.githubusercontent.com/ST0927/Experiment/main/Images/n320500.jpg
288,How big are the trousers?,n426368,https://raw.githubusercontent.com/ST0927/Experiment/main/Images/n426368.jpg
289,What size are the trousers that look brown and dark brown?,n426368,https://raw.githubusercontent.com/ST0927/Experiment/main/Images/n426368.jpg
290,Is the grass below the sky real and green?,n317735,https://raw.githubusercontent.com/ST0927/Experiment/main/Images/n317735.jpg
291,Do the trousers look huge and brown?,n426368,https://raw.githubusercontent.com/ST0927/Experiment/main/Images/n426368.jpg
292,"How do the pants look, purple or brown?",n426368,https://raw.githubusercontent.com/ST0927/Experiment/main/Images/n426368.jpg
293,Do the trousers look purple?,n426368,https://raw.githubusercontent.com/ST0927/Experiment/main/Images/n426368.jpg
294,Does that grass look tan and real?,n317735,https://raw.githubusercontent.com/ST0927/Experiment/main/Images/n317735.jpg
295,Do the pants look huge?,n426368,https://raw.githubusercontent.com/ST0927/Experiment/main/Images/n426368.jpg
296,Do you see a mirror that is not ugly?,n344118,https://raw.githubusercontent.com/ST0927/Experiment/main/Images/n344118.jpg
297,Do the pants look huge and white?,n426368,https://raw.githubusercontent.com/ST0927/Experiment/main/Images/n426368.jpg
298,Are the trousers huge and brown?,n426368,https://raw.githubusercontent.com/ST0927/Experiment/main/Images/n426368.jpg
299,Do both the bottle that looks blue and white and the green bottle look thin?,n231809,https://raw.githubusercontent.com/ST0927/Experiment/main/Images/n231809.jpg
300,Is there a cup or a mug that is not white?,n548256,https://raw.githubusercontent.com/ST0927/Experiment/main/Images/n548256.jpg
301,Which color do you think is the laptop?,n524856,https://raw.githubusercontent.com/ST0927/Experiment/main/Images/n524856.jpg
302,Does the rectangular device near the phone look black?,n524856,https://raw.githubusercontent.com/ST0927/Experiment/main/Images/n524856.jpg
303,Are there cars in the photo?,n53469,https://raw.githubusercontent.com/ST0927/Experiment/main/Images/n53469.jpg
304,Does the mug seem to be white?,n548256,https://raw.githubusercontent.com/ST0927/Experiment/main/Images/n548256.jpg
305,Do both the device to the right of the phone and the rectangular device behind the can have black color?,n524856,https://raw.githubusercontent.com/ST0927/Experiment/main/Images/n524856.jpg
306,Is the small keyboard in the top?,n568198,https://raw.githubusercontent.com/ST0927/Experiment/main/Images/n568198.jpg
307,Are the laptop and the rectangular device behind the can both black?,n524856,https://raw.githubusercontent.com/ST0927/Experiment/main/Images/n524856.jpg
308,Are the laptop and the television both black?,n524856,https://raw.githubusercontent.com/ST0927/Experiment/main/Images/n524856.jpg
309,Does the rectangular device near the phone have black color?,n524856,https://raw.githubusercontent.com/ST0927/Experiment/main/Images/n524856.jpg
310,Does the laptop near the device have black color?,n524856,https://raw.githubusercontent.com/ST0927/Experiment/main/Images/n524856.jpg
311,Does the laptop near the device look black?,n524856,https://raw.githubusercontent.com/ST0927/Experiment/main/Images/n524856.jpg
312,Is the laptop black?,n524856,https://raw.githubusercontent.com/ST0927/Experiment/main/Images/n524856.jpg
313,Is there a wood table?,n474261,https://raw.githubusercontent.com/ST0927/Experiment/main/Images/n474261.jpg
314,How large is the bottle?,n164438,https://raw.githubusercontent.com/ST0927/Experiment/main/Images/n164438.jpg
315,Do you see any doors that are not made of wood?,n377907,https://raw.githubusercontent.com/ST0927/Experiment/main/Images/n377907.jpg
316,Are there pictures or mirrors?,n344118,https://raw.githubusercontent.com/ST0927/Experiment/main/Images/n344118.jpg
317,Are there any doors in this image that are not wooden?,n377907,https://raw.githubusercontent.com/ST0927/Experiment/main/Images/n377907.jpg
318,Are there doors that are made of metal?,n377907,https://raw.githubusercontent.com/ST0927/Experiment/main/Images/n377907.jpg
319,Is the metal door white and round?,n377907,https://raw.githubusercontent.com/ST0927/Experiment/main/Images/n377907.jpg
320,Is the door white?,n377907,https://raw.githubusercontent.com/ST0927/Experiment/main/Images/n377907.jpg
321,Is there a train or a mirror in this photograph?,n377907,https://raw.githubusercontent.com/ST0927/Experiment/main/Images/n377907.jpg
322,Are there both a bicycle and a mirror in this picture?,n344118,https://raw.githubusercontent.com/ST0927/Experiment/main/Images/n344118.jpg
323,Do you think the door is white?,n377907,https://raw.githubusercontent.com/ST0927/Experiment/main/Images/n377907.jpg
324,Does the door look white?,n377907,https://raw.githubusercontent.com/ST0927/Experiment/main/Images/n377907.jpg
325,Are the words white or black?,n380972,https://raw.githubusercontent.com/ST0927/Experiment/main/Images/n380972.jpg
326,Does the electronic device to the right of the man look closed?,n518432,https://raw.githubusercontent.com/ST0927/Experiment/main/Images/n518432.jpg
327,Are there both knives and tables in this scene?,n274227,https://raw.githubusercontent.com/ST0927/Experiment/main/Images/n274227.jpg
328,Is there a table that is wooden?,n474261,https://raw.githubusercontent.com/ST0927/Experiment/main/Images/n474261.jpg
329,Is the floor made of stone or hardwood?,n229656,https://raw.githubusercontent.com/ST0927/Experiment/main/Images/n229656.jpg
330,Do you see any lamp or mirror that are not tall?,n103696,https://raw.githubusercontent.com/ST0927/Experiment/main/Images/n103696.jpg
331,Was hardwood used to make the floor?,n229656,https://raw.githubusercontent.com/ST0927/Experiment/main/Images/n229656.jpg
332,What is the item of furniture to the left of the heavy television?,n114373,https://raw.githubusercontent.com/ST0927/Experiment/main/Images/n114373.jpg
333,Does the clock have gold color and round shape?,n544799,https://raw.githubusercontent.com/ST0927/Experiment/main/Images/n544799.jpg
334,Do you see a cell phone to the right of the device near the wallet?,n244524,https://raw.githubusercontent.com/ST0927/Experiment/main/Images/n244524.jpg
335,Does the pizza look round and raw?,n300611,https://raw.githubusercontent.com/ST0927/Experiment/main/Images/n300611.jpg
336,Is the wide chair in front or behind the desk that is underneath the water bottle?,n114373,https://raw.githubusercontent.com/ST0927/Experiment/main/Images/n114373.jpg
337,Are there cell phones to the left of the laptop computer?,n244524,https://raw.githubusercontent.com/ST0927/Experiment/main/Images/n244524.jpg
338,What device is to the right of the laptop?,n244524,https://raw.githubusercontent.com/ST0927/Experiment/main/Images/n244524.jpg
339,Are there any short bags in the photo?,n472931,https://raw.githubusercontent.com/ST0927/Experiment/main/Images/n472931.jpg
340,Are there any bags that are short?,n472931,https://raw.githubusercontent.com/ST0927/Experiment/main/Images/n472931.jpg
341,Is there a bag in the picture that is not long?,n472931,https://raw.githubusercontent.com/ST0927/Experiment/main/Images/n472931.jpg
342,Are there any cell phones to the right of the laptop?,n244524,https://raw.githubusercontent.com/ST0927/Experiment/main/Images/n244524.jpg
343,Is that bag short?,n472931,https://raw.githubusercontent.com/ST0927/Experiment/main/Images/n472931.jpg
344,Does the brown bag look short?,n472931,https://raw.githubusercontent.com/ST0927/Experiment/main/Images/n472931.jpg
345,Does the brown bag have short length?,n472931,https://raw.githubusercontent.com/ST0927/Experiment/main/Images/n472931.jpg
346,Does the heavy bag look short?,n472931,https://raw.githubusercontent.com/ST0927/Experiment/main/Images/n472931.jpg
347,What device is to the right of the silver device?,n244524,https://raw.githubusercontent.com/ST0927/Experiment/main/Images/n244524.jpg
348,Are there people to the right of the metal utensil?,n483057,https://raw.githubusercontent.com/ST0927/Experiment/main/Images/n483057.jpg
349,Do you see a bag that is not long?,n472931,https://raw.githubusercontent.com/ST0927/Experiment/main/Images/n472931.jpg
350,Is there a racket to the right of the girl that is eating pasta salad?,n571294,https://raw.githubusercontent.com/ST0927/Experiment/main/Images/n571294.jpg
351,Is the plate wide?,n410542,https://raw.githubusercontent.com/ST0927/Experiment/main/Images/n410542.jpg
352,What is the piece of furniture in front of the small desk?,n114373,https://raw.githubusercontent.com/ST0927/Experiment/main/Images/n114373.jpg
353,Do the trees look leafy and brown?,n314931,https://raw.githubusercontent.com/ST0927/Experiment/main/Images/n314931.jpg
354,Do you see ladies to the left of the beautiful person that is eating pasta salad?,n571294,https://raw.githubusercontent.com/ST0927/Experiment/main/Images/n571294.jpg
355,Is the rectangular device to the left or to the right of the chair the table is above?,n244524,https://raw.githubusercontent.com/ST0927/Experiment/main/Images/n244524.jpg
356,What is in front of the small desk?,n114373,https://raw.githubusercontent.com/ST0927/Experiment/main/Images/n114373.jpg
357,Are there fences or glasses?,n212556,https://raw.githubusercontent.com/ST0927/Experiment/main/Images/n212556.jpg
358,Is the white food to the left of the red fruit?,n187579,https://raw.githubusercontent.com/ST0927/Experiment/main/Images/n187579.jpg
359,Is the covered plate small and wide?,n410542,https://raw.githubusercontent.com/ST0927/Experiment/main/Images/n410542.jpg
360,Are there giraffes near the white door?,n114373,https://raw.githubusercontent.com/ST0927/Experiment/main/Images/n114373.jpg
361,Is the crosswalk in front of a bicycle?,n162737,https://raw.githubusercontent.com/ST0927/Experiment/main/Images/n162737.jpg
362,Is the crosswalk in front of a scooter?,n162737,https://raw.githubusercontent.com/ST0927/Experiment/main/Images/n162737.jpg
363,What is the crosswalk in front of?,n162737,https://raw.githubusercontent.com/ST0927/Experiment/main/Images/n162737.jpg
364,The speaker that looks white and silver has what size?,n519109,https://raw.githubusercontent.com/ST0927/Experiment/main/Images/n519109.jpg
365,Is the pedestrian in the top of the photo?,n162737,https://raw.githubusercontent.com/ST0927/Experiment/main/Images/n162737.jpg
366,Is the pedestrian in the bottom of the picture?,n162737,https://raw.githubusercontent.com/ST0927/Experiment/main/Images/n162737.jpg
367,Are there any men in the image?,n162737,https://raw.githubusercontent.com/ST0927/Experiment/main/Images/n162737.jpg
368,Are there men or umpires?,n162737,https://raw.githubusercontent.com/ST0927/Experiment/main/Images/n162737.jpg
369,Is the side walk short?,n70601,https://raw.githubusercontent.com/ST0927/Experiment/main/Images/n70601.jpg
370,Is the wide chair behind the desk underneath the water bottle?,n114373,https://raw.githubusercontent.com/ST0927/Experiment/main/Images/n114373.jpg
371,"In which part of the picture is the pedestrian, the bottom or the top?",n162737,https://raw.githubusercontent.com/ST0927/Experiment/main/Images/n162737.jpg
372,Does the pedestrian to the left of the truck seem to be talking?,n162737,https://raw.githubusercontent.com/ST0927/Experiment/main/Images/n162737.jpg
373,Does the glove look striped?,n294472,https://raw.githubusercontent.com/ST0927/Experiment/main/Images/n294472.jpg
374,What material is the basket that looks black made of?,n558046,https://raw.githubusercontent.com/ST0927/Experiment/main/Images/n558046.jpg
375,Is the wide chair in front of the small desk?,n114373,https://raw.githubusercontent.com/ST0927/Experiment/main/Images/n114373.jpg
376,Is the can to the left of a bag?,n57079,https://raw.githubusercontent.com/ST0927/Experiment/main/Images/n57079.jpg
377,Is the can to the left of him?,n57079,https://raw.githubusercontent.com/ST0927/Experiment/main/Images/n57079.jpg
378,Is the can to the right of a man?,n57079,https://raw.githubusercontent.com/ST0927/Experiment/main/Images/n57079.jpg
379,Which pattern is the glove the man is wearing?,n294472,https://raw.githubusercontent.com/ST0927/Experiment/main/Images/n294472.jpg
380,Do you see a fence to the left of him?,n57079,https://raw.githubusercontent.com/ST0927/Experiment/main/Images/n57079.jpg
381,Are there any fences to the left of him?,n57079,https://raw.githubusercontent.com/ST0927/Experiment/main/Images/n57079.jpg
382,Is the snowboard green?,n276532,https://raw.githubusercontent.com/ST0927/Experiment/main/Images/n276532.jpg
383,Is there a fence to the left of him?,n57079,https://raw.githubusercontent.com/ST0927/Experiment/main/Images/n57079.jpg
384,Do you see any entertainment centers to the left of the couch the person is sitting on?,n521780,https://raw.githubusercontent.com/ST0927/Experiment/main/Images/n521780.jpg
385,Is the pattern of the glove striped?,n294472,https://raw.githubusercontent.com/ST0927/Experiment/main/Images/n294472.jpg
386,Is there a chair in front of the desk underneath the water bottle?,n114373,https://raw.githubusercontent.com/ST0927/Experiment/main/Images/n114373.jpg
387,Is the can to the right or to the left of the person that is using a mousepad?,n57079,https://raw.githubusercontent.com/ST0927/Experiment/main/Images/n57079.jpg
388,Is the can to the left or to the right of the man?,n57079,https://raw.githubusercontent.com/ST0927/Experiment/main/Images/n57079.jpg
389,Do you see any snowboards that are silver?,n276532,https://raw.githubusercontent.com/ST0927/Experiment/main/Images/n276532.jpg
390,Are there silver snowboards in the picture?,n276532,https://raw.githubusercontent.com/ST0927/Experiment/main/Images/n276532.jpg
391,Which type of cooking utensil is to the left of the donut?,n136096,https://raw.githubusercontent.com/ST0927/Experiment/main/Images/n136096.jpg
392,What is the baseball mitt in front of?,n168392,https://raw.githubusercontent.com/ST0927/Experiment/main/Images/n168392.jpg
393,What is in front of the pitcher?,n168392,https://raw.githubusercontent.com/ST0927/Experiment/main/Images/n168392.jpg
394,Do you see either any cages or ropes?,n168392,https://raw.githubusercontent.com/ST0927/Experiment/main/Images/n168392.jpg
395,Are there helmets in the picture?,n294472,https://raw.githubusercontent.com/ST0927/Experiment/main/Images/n294472.jpg
396,Is the baseball mitt in front of the black pitcher?,n168392,https://raw.githubusercontent.com/ST0927/Experiment/main/Images/n168392.jpg
397,What is the height of the window?,n28188,https://raw.githubusercontent.com/ST0927/Experiment/main/Images/n28188.jpg
398,Are there any cones or fences in the photo?,n168392,https://raw.githubusercontent.com/ST0927/Experiment/main/Images/n168392.jpg
399,Are there catchers or helmets in the image?,n294472,https://raw.githubusercontent.com/ST0927/Experiment/main/Images/n294472.jpg
400,Is the young woman to the right of a man?,n512539,https://raw.githubusercontent.com/ST0927/Experiment/main/Images/n512539.jpg
401,Where is the light fixture?,n340589,https://raw.githubusercontent.com/ST0927/Experiment/main/Images/n340589.jpg
402,Is there a truck that is not small?,n474569,https://raw.githubusercontent.com/ST0927/Experiment/main/Images/n474569.jpg
403,Do you see any trucks that are not small?,n474569,https://raw.githubusercontent.com/ST0927/Experiment/main/Images/n474569.jpg
404,Is the toilet near the sink white and clean?,n340589,https://raw.githubusercontent.com/ST0927/Experiment/main/Images/n340589.jpg
405,Is this lady to the right of a bus?,n571294,https://raw.githubusercontent.com/ST0927/Experiment/main/Images/n571294.jpg
406,Are there any skateboards in the photograph?,n340589,https://raw.githubusercontent.com/ST0927/Experiment/main/Images/n340589.jpg
407,Is the light fixture above the white sink near the wall?,n340589,https://raw.githubusercontent.com/ST0927/Experiment/main/Images/n340589.jpg
408,Are there any trucks that are blue in the image?,n474569,https://raw.githubusercontent.com/ST0927/Experiment/main/Images/n474569.jpg
409,Is there a truck in the image that is blue?,n474569,https://raw.githubusercontent.com/ST0927/Experiment/main/Images/n474569.jpg
410,Do you see trains or trucks that are long?,n474569,https://raw.githubusercontent.com/ST0927/Experiment/main/Images/n474569.jpg
411,Do you see a blue truck?,n474569,https://raw.githubusercontent.com/ST0927/Experiment/main/Images/n474569.jpg
412,Are there any trucks that are large?,n474569,https://raw.githubusercontent.com/ST0927/Experiment/main/Images/n474569.jpg
413,Are there any trucks in the image that are not small?,n474569,https://raw.githubusercontent.com/ST0927/Experiment/main/Images/n474569.jpg
414,Is there a truck that is not white?,n474569,https://raw.githubusercontent.com/ST0927/Experiment/main/Images/n474569.jpg
415,Are there large trucks in the photo?,n474569,https://raw.githubusercontent.com/ST0927/Experiment/main/Images/n474569.jpg
416,Is there any chair to the left of the man that is to the left of the person?,n26016,https://raw.githubusercontent.com/ST0927/Experiment/main/Images/n26016.jpg
417,Are there any fences that are brown?,n65423,https://raw.githubusercontent.com/ST0927/Experiment/main/Images/n65423.jpg
418,Is there a fence that is brown?,n65423,https://raw.githubusercontent.com/ST0927/Experiment/main/Images/n65423.jpg
419,Is there a woman to the right of the man that looks still?,n512539,https://raw.githubusercontent.com/ST0927/Experiment/main/Images/n512539.jpg
420,Are there chairs to the left of the man that is to the left of the person?,n26016,https://raw.githubusercontent.com/ST0927/Experiment/main/Images/n26016.jpg
421,Are there any benches or fences that are brown?,n65423,https://raw.githubusercontent.com/ST0927/Experiment/main/Images/n65423.jpg
422,Are there any brown fences or benches?,n65423,https://raw.githubusercontent.com/ST0927/Experiment/main/Images/n65423.jpg
423,Are there both fences and soccer balls in this image?,n65423,https://raw.githubusercontent.com/ST0927/Experiment/main/Images/n65423.jpg
424,Do you see either any surfboards or fences?,n65423,https://raw.githubusercontent.com/ST0927/Experiment/main/Images/n65423.jpg
425,Is there a brown fence in the image?,n65423,https://raw.githubusercontent.com/ST0927/Experiment/main/Images/n65423.jpg
426,Are there fences in the image that are brown?,n65423,https://raw.githubusercontent.com/ST0927/Experiment/main/Images/n65423.jpg
427,Are there either vases or fences that are short?,n65423,https://raw.githubusercontent.com/ST0927/Experiment/main/Images/n65423.jpg
428,Do you see short vases or fences?,n65423,https://raw.githubusercontent.com/ST0927/Experiment/main/Images/n65423.jpg
429,What is the photo showing?,n542565,https://raw.githubusercontent.com/ST0927/Experiment/main/Images/n542565.jpg
430,Are there women to the left of the man?,n26016,https://raw.githubusercontent.com/ST0927/Experiment/main/Images/n26016.jpg
431,Is the person to the left of the cake female or male?,n217754,https://raw.githubusercontent.com/ST0927/Experiment/main/Images/n217754.jpg
432,Is the still woman to the right of the man?,n26016,https://raw.githubusercontent.com/ST0927/Experiment/main/Images/n26016.jpg
433,Do the shoes look black or white?,n310594,https://raw.githubusercontent.com/ST0927/Experiment/main/Images/n310594.jpg
434,Is the person to the left of the child Caucasian and male?,n217754,https://raw.githubusercontent.com/ST0927/Experiment/main/Images/n217754.jpg
435,Is the still woman to the left of the person that is holding onto the cart?,n26016,https://raw.githubusercontent.com/ST0927/Experiment/main/Images/n26016.jpg
436,Is the yellow vehicle in the bottom part or in the top of the picture?,n438889,https://raw.githubusercontent.com/ST0927/Experiment/main/Images/n438889.jpg
437,Do you see a skateboard that is black?,n359561,https://raw.githubusercontent.com/ST0927/Experiment/main/Images/n359561.jpg
438,What type of furniture is to the right of the man?,n275523,https://raw.githubusercontent.com/ST0927/Experiment/main/Images/n275523.jpg
439,Which place is it?,n542565,https://raw.githubusercontent.com/ST0927/Experiment/main/Images/n542565.jpg
440,What do you think is the name of the food?,n137739,https://raw.githubusercontent.com/ST0927/Experiment/main/Images/n137739.jpg
441,Are the white clock and the bowl made of wood both round?,n544799,https://raw.githubusercontent.com/ST0927/Experiment/main/Images/n544799.jpg
442,Is the car old?,n273973,https://raw.githubusercontent.com/ST0927/Experiment/main/Images/n273973.jpg
443,Do you see any trash cans or skateboards?,n359561,https://raw.githubusercontent.com/ST0927/Experiment/main/Images/n359561.jpg
444,Is the fence behind a zebra?,n419903,https://raw.githubusercontent.com/ST0927/Experiment/main/Images/n419903.jpg
445,Do you see both skateboards and faucets?,n359561,https://raw.githubusercontent.com/ST0927/Experiment/main/Images/n359561.jpg
446,What food is in this picture?,n137739,https://raw.githubusercontent.com/ST0927/Experiment/main/Images/n137739.jpg
447,Is there either a black clock or skateboard?,n359561,https://raw.githubusercontent.com/ST0927/Experiment/main/Images/n359561.jpg
448,Are there either clocks or skateboards that are black?,n359561,https://raw.githubusercontent.com/ST0927/Experiment/main/Images/n359561.jpg
449,Are there any black skateboards?,n359561,https://raw.githubusercontent.com/ST0927/Experiment/main/Images/n359561.jpg
450,Is the long scarf white and soft?,n129901,https://raw.githubusercontent.com/ST0927/Experiment/main/Images/n129901.jpg
451,Who is holding the baseball bat?,n522984,https://raw.githubusercontent.com/ST0927/Experiment/main/Images/n522984.jpg
452,This player is holding what?,n522984,https://raw.githubusercontent.com/ST0927/Experiment/main/Images/n522984.jpg
453,What is this player holding?,n522984,https://raw.githubusercontent.com/ST0927/Experiment/main/Images/n522984.jpg
454,What is the player holding?,n522984,https://raw.githubusercontent.com/ST0927/Experiment/main/Images/n522984.jpg
455,What is the tall person holding?,n522984,https://raw.githubusercontent.com/ST0927/Experiment/main/Images/n522984.jpg
456,Is the scooter near the vehicle blue and large?,n36458,https://raw.githubusercontent.com/ST0927/Experiment/main/Images/n36458.jpg
457,Is the player holding the baseball bat?,n522984,https://raw.githubusercontent.com/ST0927/Experiment/main/Images/n522984.jpg
458,Is the tall person holding a racket?,n522984,https://raw.githubusercontent.com/ST0927/Experiment/main/Images/n522984.jpg
459,Are the shoes black or white?,n310594,https://raw.githubusercontent.com/ST0927/Experiment/main/Images/n310594.jpg
460,Is the young woman to the left or to the right of the man?,n512539,https://raw.githubusercontent.com/ST0927/Experiment/main/Images/n512539.jpg
461,Is the still woman to the right or to the left of the man?,n26016,https://raw.githubusercontent.com/ST0927/Experiment/main/Images/n26016.jpg
462,"In which part is the small car, the top or the bottom?",n438889,https://raw.githubusercontent.com/ST0927/Experiment/main/Images/n438889.jpg
463,Does the glass window look white?,n169067,https://raw.githubusercontent.com/ST0927/Experiment/main/Images/n169067.jpg
464,Do you think the window is white?,n169067,https://raw.githubusercontent.com/ST0927/Experiment/main/Images/n169067.jpg
465,What color is the glass window?,n169067,https://raw.githubusercontent.com/ST0927/Experiment/main/Images/n169067.jpg
466,Does the glass window have white color?,n169067,https://raw.githubusercontent.com/ST0927/Experiment/main/Images/n169067.jpg
467,Is the color of the window green?,n169067,https://raw.githubusercontent.com/ST0927/Experiment/main/Images/n169067.jpg
468,Which color do you think the glass window is?,n169067,https://raw.githubusercontent.com/ST0927/Experiment/main/Images/n169067.jpg
469,Are there any brown windows or doors?,n169067,https://raw.githubusercontent.com/ST0927/Experiment/main/Images/n169067.jpg
470,Does the window that is made of glass have green color?,n169067,https://raw.githubusercontent.com/ST0927/Experiment/main/Images/n169067.jpg
471,Is there a window that is blue in this photo?,n169067,https://raw.githubusercontent.com/ST0927/Experiment/main/Images/n169067.jpg
472,Do you see brown doors or windows?,n169067,https://raw.githubusercontent.com/ST0927/Experiment/main/Images/n169067.jpg
473,Is there a snow board?,n398043,https://raw.githubusercontent.com/ST0927/Experiment/main/Images/n398043.jpg
474,Are there either any paintings or snowboards in the photo?,n398043,https://raw.githubusercontent.com/ST0927/Experiment/main/Images/n398043.jpg
475,Are there any figurines?,n398043,https://raw.githubusercontent.com/ST0927/Experiment/main/Images/n398043.jpg
476,Are there any figurines or towel dispensers?,n398043,https://raw.githubusercontent.com/ST0927/Experiment/main/Images/n398043.jpg
477,Is there any clock in the image?,n398043,https://raw.githubusercontent.com/ST0927/Experiment/main/Images/n398043.jpg
478,Is the building behind the fence made of wood?,n398043,https://raw.githubusercontent.com/ST0927/Experiment/main/Images/n398043.jpg
479,Is the brick building behind the fence made of wood?,n398043,https://raw.githubusercontent.com/ST0927/Experiment/main/Images/n398043.jpg
480,Is the building behind an elephant?,n398043,https://raw.githubusercontent.com/ST0927/Experiment/main/Images/n398043.jpg
481,What kind of fast food is green?,n137739,https://raw.githubusercontent.com/ST0927/Experiment/main/Images/n137739.jpg
482,Is the hose on the left side?,n398043,https://raw.githubusercontent.com/ST0927/Experiment/main/Images/n398043.jpg
483,Is the water hose on the right?,n398043,https://raw.githubusercontent.com/ST0927/Experiment/main/Images/n398043.jpg
484,Is the cabinet made of metal?,n173264,https://raw.githubusercontent.com/ST0927/Experiment/main/Images/n173264.jpg
485,Was metal used to make the cabinet?,n173264,https://raw.githubusercontent.com/ST0927/Experiment/main/Images/n173264.jpg
486,Do you see cabinets in the picture that are metallic?,n173264,https://raw.githubusercontent.com/ST0927/Experiment/main/Images/n173264.jpg
487,Do you see cabinets that are not wooden?,n173264,https://raw.githubusercontent.com/ST0927/Experiment/main/Images/n173264.jpg
488,Is there either a metallic lamp or cabinet?,n173264,https://raw.githubusercontent.com/ST0927/Experiment/main/Images/n173264.jpg
489,Are there metallic cabinets in the picture?,n173264,https://raw.githubusercontent.com/ST0927/Experiment/main/Images/n173264.jpg
490,Does the plate to the right of the other plate look white and modern?,n390545,https://raw.githubusercontent.com/ST0927/Experiment/main/Images/n390545.jpg
491,What is the cabinet made of?,n173264,https://raw.githubusercontent.com/ST0927/Experiment/main/Images/n173264.jpg
492,Do you see any flags that are large?,n116251,https://raw.githubusercontent.com/ST0927/Experiment/main/Images/n116251.jpg
493,Is there a flag in the image that is not small?,n116251,https://raw.githubusercontent.com/ST0927/Experiment/main/Images/n116251.jpg
494,Are there any flags that are not small?,n116251,https://raw.githubusercontent.com/ST0927/Experiment/main/Images/n116251.jpg
495,Are there any flags that are black in the image?,n116251,https://raw.githubusercontent.com/ST0927/Experiment/main/Images/n116251.jpg
496,Does the plate above the table have white color?,n390545,https://raw.githubusercontent.com/ST0927/Experiment/main/Images/n390545.jpg
497,What color is the plate above the table?,n390545,https://raw.githubusercontent.com/ST0927/Experiment/main/Images/n390545.jpg
498,Are there either lamps or cabinets that are made of metal?,n173264,https://raw.githubusercontent.com/ST0927/Experiment/main/Images/n173264.jpg
499,Is there a cabinet that is made of metal?,n173264,https://raw.githubusercontent.com/ST0927/Experiment/main/Images/n173264.jpg
